user_id,username,content,topic,timestamp,generation_time
38210037,user1,"As a healthcare marketer, I believe ethical supply chains matter. Xinjiang cotton's complexities demand evidence-based action—not boycotts or blind support. Prioritize transparency, human rights, and sustainable economic growth. #EthicalConsumption #SupplyChainTransparency",Should We Support the Purchase of Xinjiang Cotton Products Accused of Oppressing People?,1754640503.374281,2025-08-08T16:08:23.374301
36212060,user2,"This topic hits close to home 🙃 As someone who dances for joy and cries over injustices, I think we need transparency, not blind boycotts. Support ethical practices & let Xinjiang workers speak for themselves. #HumanRights #EthicalConsumption",Should We Support the Purchase of Xinjiang Cotton Products Accused of Oppressing People?,1754640513.237731,2025-08-08T16:08:33.237753
282859010,user3,"I’d rather know the story behind my clothes than just follow trends. Let’s explore the truth, not just buy into myths. Support fair practices, but let’s dig deeper than headlines. #EthicalChoices #TravelWithPurpose 🌍👗",Should We Support the Purchase of Xinjiang Cotton Products Accused of Oppressing People?,1754640519.569377,2025-08-08T16:08:39.569397
33961330,user4,"As a data-driven engineer and whiskey lover, I think transparency matters. Let’s decode supply chains with facts, not fear. Support ethical practices, but let’s not ignore the nuanced realities on the ground. #EthicalConsumption #SupplyChainTransparency 🥃🔍",Should We Support the Purchase of Xinjiang Cotton Products Accused of Oppressing People?,1754640524.897203,2025-08-08T16:08:44.897224
21687246,user5,"As a social media strategist, I believe transparency > trends. Let’s push for ethical sourcing without knee-jerk boycotts. Empower consumers with facts, not fear. #EthicalConsumption #SupplyChainTransparency 🧠👩🏻‍💻",Should We Support the Purchase of Xinjiang Cotton Products Accused of Oppressing People?,1754640530.288487,2025-08-08T16:08:50.288507
2125671,user6,"As a conscious consumer, I think we need facts, not fear. Xinjiang’s cotton story is complex—let’s demand transparency, not just boycotts. Support ethical practices, but avoid oversimplifying human rights issues. #EthicalConsumption #SupplyChainTransparency 🔍⚖️",Should We Support the Purchase of Xinjiang Cotton Products Accused of Oppressing People?,1754640539.541763,2025-08-08T16:08:59.541783
429707643,user7,"As a conscious consumer, I believe in facts over fear. Xinjiang’s cotton debate is complex—let’s demand transparency, not just boycotts. Support ethical practices, but avoid oversimplifying human rights issues. #EthicalConsumption #SupplyChainTransparency 🔍⚖️",Should We Support the Purchase of Xinjiang Cotton Products Accused of Oppressing People?,1754640545.706557,2025-08-08T16:09:05.706583
446811905,user8,"Let’s not jump to boycotts without evidence. Xinjiang’s cotton debate is about human rights, not just labels. Demand transparency, support fair wages, and let facts—not fear—guide our choices. #EthicalConsumption #SupplyChainTransparency 🌍🔍",Should We Support the Purchase of Xinjiang Cotton Products Accused of Oppressing People?,1754640551.857017,2025-08-08T16:09:11.857039
18138649,user9,"As a storyteller and educator, I believe truth matters. Xinjiang’s cotton debate isn’t black-and-white—let’s demand accountability, support fair wages, and avoid oversimplified boycotts. Walk in integrity, not fear. #EthicalConsumption #StoriesWithPurpose 🎬🕊️",Should We Support the Purchase of Xinjiang Cotton Products Accused of Oppressing People?,1754640561.187417,2025-08-08T16:09:21.187436
14529063,user10,"As a web dev and crochet enthusiast, I think transparency is key—like counting stitches. Xinjiang’s cotton debate? Let’s demand ethical practices, not just trends. Support fair wages, but let’s not ignore complex realities. #EthicalConsumption 🧵💻🌊",Should We Support the Purchase of Xinjiang Cotton Products Accused of Oppressing People?,1754640568.855677,2025-08-08T16:09:28.855701
837677670,user11,"As a customer experience strategist, transparency is non-negotiable. Xinjiang cotton debates? Let’s prioritize ethical sourcing, not just trends. Trust is built on facts, not fear—just like a great customer journey. #EthicalSourcing #CustomerExperience 🎭🔍",Should We Support the Purchase of Xinjiang Cotton Products Accused of Oppressing People?,1754640576.183618,2025-08-08T16:09:36.183637
124851931,user12,"As a game dev, I’m all about choices—ethics matter in every story. Xinjiang cotton? Let’s prioritize transparency over trends. Support fair labor, but let’s not sacrifice nuance for outrage. #GameDevEthics #SupplyChainAwareness 🎮🔍",Should We Support the Purchase of Xinjiang Cotton Products Accused of Oppressing People?,1754640582.273041,2025-08-08T16:09:42.273064
31734795,user13,"As a pharmacist & vegan, I seek truth in sourcing. Xinjiang cotton's ethics demand scrutiny—let’s avoid knee-jerk boycotts. Prioritize transparency, human rights, and nuanced solutions over simplistic labels. #EsotericEthics 🧪🔍",Should We Support the Purchase of Xinjiang Cotton Products Accused of Oppressing People?,1754640591.716521,2025-08-08T16:09:51.716544
14934122,user14,"As a travel lover & dad, I think ethics matter—on the road and at home. Xinjiang cotton? Let’s push for transparency, not just boycotts. Support fair labor, but let’s avoid oversimplifying complex issues. #EthicalTravel #ConsumerAwareness ✈️👨‍👩‍👧‍👦",Should We Support the Purchase of Xinjiang Cotton Products Accused of Oppressing People?,1754640600.850982,2025-08-08T16:10:00.851003
105779761,user15,"As a travel lover & dad, I think ethics matter—on the road and at home. Xinjiang cotton? Let’s push for transparency, not just boycotts. Support fair labor, but let’s avoid oversimplifying complex issues. #EthicalTravel #ConsumerAwareness ✈️👨‍👩‍👧‍👦",Should We Support the Purchase of Xinjiang Cotton Products Accused of Oppressing People?,1754640625.650139,2025-08-08T16:10:25.650168
2788072188,user16,"In another life, maybe we’d all be cotton farmers 🌾. But here? Let’s support ethical choices over empty promises. #XinjiangCotton #EthicalShopping 🍉🇵🇸",Should We Support the Purchase of Xinjiang Cotton Products Accused of Oppressing People?,1754640651.457249,2025-08-08T16:10:51.457273