user_id,name,username,description,followers_count,following_count,user_char,activity_level,created_at,following_list,following_agentid_list,previous_tweets,tweets_id,activity_level_frequency,followers_list
5468759044,Alexandra Bennett,AlexBennettFilms,Award-winning film producer and passionate educator empowering emerging filmmakers through innovative storytelling and hands-on mentorship.,19,19,Visionary film producer and dedicated educator fostering creative growth and industry excellence.,"[""off_line"", ""busy"", ""normal"", ""off_line"", ""off_line"", ""off_line"", ""active"", ""busy"", ""busy"", ""active"", ""active"", ""off_line"", ""normal"", ""off_line"", ""off_line"", ""off_line"", ""busy"", ""off_line"", ""normal"", ""off_line"", ""off_line"", ""off_line"", ""off_line"", ""off_line""]",2010-03-31 12:50:11+00:00,"[5731691223, 3870800857, 5792566563, 7742534254, 2812605217, 1786467753, 9835266980, 295441813, 5782980573, 8115144132, 9286278458, 5967866153, 7792902011, 6646482222, 2241497496, 4222217468, 8556837692, 3041022514, 6020164795]","[14, 15, 4, 17, 3, 6, 5, 1, 16, 13, 10, 7, 18, 8, 2, 19, 12, 9, 11]",[],[],"[0, 3, 2, 1, 0, 1, 10, 3, 3, 7, 5, 0, 2, 0, 1, 0, 3, 0, 2, 0, 0, 0, 0, 0]","[295441813, 2241497496, 2812605217, 5792566563, 9835266980, 1786467753, 5967866153, 6646482222, 3041022514, 9286278458, 6020164795, 8556837692, 8115144132, 5731691223, 3870800857, 5782980573, 7742534254, 7792902011, 4222217468]"
295441813,Marcus Cohen,MarcusCohenProds,Experienced film producer and educator dedicated to mentoring the next generation of filmmakers through indie projects and workshops.,19,19,Dedicated film producer and educator nurturing talent and creativity in independent cinema.,"[""off_line"", ""off_line"", ""off_line"", ""off_line"", ""normal"", ""normal"", ""off_line"", ""off_line"", ""off_line"", ""off_line"", ""normal"", ""active"", ""busy"", ""active"", ""active"", ""active"", ""active"", ""active"", ""normal"", ""off_line"", ""busy"", ""normal"", ""off_line"", ""normal""]",2007-08-29 08:32:16+00:00,"[2241497496, 9835266980, 7792902011, 6646482222, 3041022514, 8115144132, 1786467753, 5782980573, 5967866153, 5731691223, 6020164795, 4222217468, 5792566563, 9286278458, 7742534254, 2812605217, 8556837692, 5468759044, 3870800857]","[2, 5, 18, 8, 9, 13, 6, 16, 7, 14, 11, 19, 4, 10, 17, 3, 12, 0, 15]",[],[],"[0, 0, 0, 0, 2, 2, 0, 0, 0, 0, 2, 18, 3, 18, 7, 5, 7, 18, 2, 0, 3, 2, 1, 2]","[5468759044, 2241497496, 2812605217, 5792566563, 9835266980, 1786467753, 5967866153, 6646482222, 3041022514, 9286278458, 6020164795, 8556837692, 8115144132, 5731691223, 3870800857, 5782980573, 7742534254, 7792902011, 4222217468]"
2241497496,Elena Martinez,ElenaSynthCode,Passionate about creating music and building innovative software solutions that blend technology with artistic expression.,18,13,Innovative software engineer and music enthusiast merging code with creative sound design.,"[""off_line"", ""busy"", ""busy"", ""busy"", ""busy"", ""off_line"", ""off_line"", ""off_line"", ""off_line"", ""off_line"", ""normal"", ""active"", ""active"", ""busy"", ""active"", ""normal"", ""active"", ""active"", ""off_line"", ""busy"", ""off_line"", ""off_line"", ""off_line"", ""off_line""]",2013-09-17 02:05:49+00:00,"[1786467753, 2812605217, 9835266980, 8115144132, 5792566563, 5731691223, 4222217468, 7792902011, 7742534254, 5468759044, 9286278458, 295441813, 3041022514]","[6, 3, 5, 13, 4, 14, 19, 18, 17, 0, 10, 1, 9]",[],[],"[0, 3, 3, 3, 3, 0, 0, 1, 0, 0, 2, 18, 7, 3, 10, 2, 5, 5, 0, 3, 1, 0, 0, 1]","[5468759044, 295441813, 2812605217, 5792566563, 9835266980, 1786467753, 5967866153, 6646482222, 3041022514, 9286278458, 8556837692, 8115144132, 5731691223, 3870800857, 5782980573, 7742534254, 7792902011, 4222217468]"
2812605217,Jamie Thompson,JamieFitLife,Helping clients achieve their fitness goals through transformative workouts and holistic wellness practices.,18,19,"Dedicated fitness coach and wellness advocate empowering others to lead healthy, balanced lives through personalized training and mindful living.","[""busy"", ""off_line"", ""off_line"", ""off_line"", ""busy"", ""off_line"", ""off_line"", ""normal"", ""off_line"", ""busy"", ""off_line"", ""active"", ""active"", ""normal"", ""active"", ""active"", ""active"", ""active"", ""off_line"", ""busy"", ""off_line"", ""off_line"", ""normal"", ""off_line""]",2007-10-22 04:15:57+00:00,"[5468759044, 6646482222, 4222217468, 8556837692, 295441813, 5731691223, 3041022514, 6020164795, 3870800857, 9286278458, 9835266980, 5782980573, 1786467753, 8115144132, 5967866153, 7742534254, 5792566563, 7792902011, 2241497496]","[0, 8, 19, 12, 1, 14, 9, 11, 15, 10, 5, 16, 6, 13, 7, 17, 4, 18, 2]",[],[],"[3, 0, 1, 0, 3, 0, 0, 2, 0, 3, 1, 18, 18, 2, 7, 18, 10, 5, 0, 3, 0, 1, 2, 0]","[5468759044, 295441813, 2241497496, 5792566563, 9835266980, 1786467753, 5967866153, 6646482222, 3041022514, 9286278458, 8556837692, 8115144132, 5731691223, 3870800857, 5782980573, 7742534254, 7792902011, 4222217468]"
5792566563,Sophia Reeves,SophiaReevesFilms,Experienced film producer and educator inspiring aspiring filmmakers through mentorship and innovative production techniques.,19,19,Seasoned film producer and dedicated educator shaping the future of cinema through mentorship and creative innovation.,"[""busy"", ""off_line"", ""off_line"", ""normal"", ""off_line"", ""off_line"", ""off_line"", ""busy"", ""off_line"", ""off_line"", ""busy"", ""busy"", ""active"", ""active"", ""busy"", ""active"", ""active"", ""active"", ""normal"", ""normal"", ""off_line"", ""normal"", ""off_line"", ""off_line""]",2010-05-02 18:44:08+00:00,"[6020164795, 2241497496, 1786467753, 9835266980, 6646482222, 9286278458, 7792902011, 5468759044, 8115144132, 8556837692, 7742534254, 4222217468, 3041022514, 2812605217, 5731691223, 3870800857, 5967866153, 5782980573, 295441813]","[11, 2, 6, 5, 8, 10, 18, 0, 13, 12, 17, 19, 9, 3, 14, 15, 7, 16, 1]",[],[],"[3, 0, 1, 2, 0, 0, 1, 3, 0, 1, 3, 3, 18, 5, 3, 10, 5, 18, 2, 2, 0, 2, 0, 0]","[5468759044, 295441813, 2241497496, 2812605217, 9835266980, 1786467753, 5967866153, 6646482222, 3041022514, 9286278458, 6020164795, 8556837692, 8115144132, 5731691223, 3870800857, 5782980573, 7742534254, 7792902011, 4222217468]"
9835266980,Jordan Lee,JordanCodeBeat,Passionate about developing cutting-edge software and creating music that pushes technological and artistic boundaries.,18,19,Innovative software engineer and music lover merging code with artistic creativity to build immersive audio-visual experiences.,"[""busy"", ""off_line"", ""off_line"", ""normal"", ""normal"", ""off_line"", ""off_line"", ""off_line"", ""off_line"", ""off_line"", ""off_line"", ""active"", ""active"", ""busy"", ""active"", ""active"", ""normal"", ""active"", ""off_line"", ""off_line"", ""off_line"", ""off_line"", ""off_line"", ""normal""]",2009-01-03 08:26:52+00:00,"[7792902011, 6646482222, 8115144132, 9286278458, 5782980573, 5967866153, 2812605217, 295441813, 1786467753, 7742534254, 5792566563, 3870800857, 2241497496, 6020164795, 5731691223, 3041022514, 8556837692, 5468759044, 4222217468]","[18, 8, 13, 10, 16, 7, 3, 1, 6, 17, 4, 15, 2, 11, 14, 9, 12, 0, 19]",[],[],"[3, 1, 0, 2, 2, 1, 0, 0, 1, 0, 0, 10, 10, 3, 18, 10, 2, 18, 1, 1, 0, 0, 0, 2]","[5468759044, 295441813, 2241497496, 2812605217, 5792566563, 1786467753, 5967866153, 6646482222, 3041022514, 9286278458, 8556837692, 8115144132, 5731691223, 3870800857, 5782980573, 7742534254, 7792902011, 4222217468]"
1786467753,Jordan Ellis,JordanFitLife,Helping clients achieve their fitness goals through transformative workouts and holistic wellness strategies.,17,19,Dedicated fitness coach and wellness advocate empowering others with personalized training and mindful living practices.,"[""off_line"", ""busy"", ""off_line"", ""off_line"", ""off_line"", ""off_line"", ""busy"", ""normal"", ""off_line"", ""off_line"", ""off_line"", ""normal"", ""off_line"", ""off_line"", ""off_line"", ""normal"", ""off_line"", ""off_line"", ""normal"", ""active"", ""active"", ""active"", ""active"", ""active""]",2014-10-13 05:00:34+00:00,"[2812605217, 9286278458, 5782980573, 295441813, 5967866153, 6646482222, 8115144132, 5468759044, 3041022514, 5731691223, 2241497496, 3870800857, 8556837692, 5792566563, 4222217468, 9835266980, 7742534254, 7792902011, 6020164795]","[3, 10, 16, 1, 7, 8, 13, 0, 9, 14, 2, 15, 12, 4, 19, 5, 17, 18, 11]",[],[],"[0, 3, 0, 0, 0, 0, 3, 2, 0, 1, 0, 2, 0, 0, 0, 2, 0, 0, 2, 5, 5, 10, 5, 10]","[5468759044, 295441813, 2241497496, 2812605217, 5792566563, 9835266980, 5967866153, 6646482222, 3041022514, 9286278458, 8556837692, 8115144132, 5731691223, 3870800857, 7742534254, 7792902011, 4222217468]"
5967866153,Taylor Morgan,TaylorMorganSM,Helping brands elevate their digital presence through data-driven strategies and innovative social media campaigns.,18,19,Strategic social media consultant and digital growth expert specializing in actionable insights and campaign optimization.,"[""off_line"", ""off_line"", ""off_line"", ""off_line"", ""off_line"", ""off_line"", ""off_line"", ""off_line"", ""off_line"", ""normal"", ""busy"", ""active"", ""active"", ""normal"", ""busy"", ""active"", ""busy"", ""normal"", ""off_line"", ""busy"", ""off_line"", ""off_line"", ""normal"", ""off_line""]",2009-06-23 01:42:23+00:00,"[2241497496, 7742534254, 3870800857, 8115144132, 2812605217, 6020164795, 295441813, 1786467753, 5782980573, 4222217468, 5731691223, 5792566563, 5468759044, 6646482222, 9286278458, 3041022514, 9835266980, 7792902011, 8556837692]","[2, 17, 15, 13, 3, 11, 1, 6, 16, 19, 14, 4, 0, 8, 10, 9, 5, 18, 12]",[],[],"[0, 1, 1, 0, 0, 0, 1, 1, 0, 2, 3, 18, 18, 2, 3, 18, 3, 2, 0, 3, 0, 0, 2, 1]","[5468759044, 295441813, 2812605217, 5792566563, 9835266980, 1786467753, 6646482222, 3041022514, 9286278458, 6020164795, 8556837692, 8115144132, 5731691223, 3870800857, 5782980573, 7742534254, 7792902011, 4222217468]"
6646482222,Olivia Chen,OliviaSynthCode,Passionate about crafting music and developing innovative software that merges technology with artistic expression.,17,19,Innovative software engineer and music enthusiast bridging code and creativity to build immersive audio-visual experiences.,"[""off_line"", ""busy"", ""busy"", ""off_line"", ""normal"", ""busy"", ""off_line"", ""off_line"", ""off_line"", ""busy"", ""off_line"", ""normal"", ""normal"", ""normal"", ""normal"", ""normal"", ""off_line"", ""off_line"", ""off_line"", ""active"", ""active"", ""active"", ""normal"", ""active""]",2010-02-05 14:55:57+00:00,"[5967866153, 5468759044, 9835266980, 3870800857, 5792566563, 7742534254, 4222217468, 295441813, 2241497496, 8115144132, 1786467753, 5782980573, 3041022514, 6020164795, 8556837692, 7792902011, 5731691223, 9286278458, 2812605217]","[7, 0, 5, 15, 4, 17, 19, 1, 2, 13, 6, 16, 9, 11, 12, 18, 14, 10, 3]",[],[],"[0, 3, 3, 1, 2, 3, 0, 0, 0, 3, 1, 2, 2, 2, 2, 2, 0, 0, 0, 20, 20, 7, 2, 7]","[5468759044, 295441813, 2812605217, 5792566563, 9835266980, 1786467753, 5967866153, 3041022514, 9286278458, 8556837692, 8115144132, 5731691223, 3870800857, 5782980573, 7742534254, 7792902011, 4222217468]"
3041022514,Rebecca Allen,RebeccaAllenFilms,Experienced film producer and educator mentoring aspiring filmmakers through hands-on projects and innovative storytelling techniques.,19,19,Dedicated film producer and passionate educator empowering emerging filmmakers with creative mentorship and industry expertise.,"[""off_line"", ""off_line"", ""off_line"", ""busy"", ""off_line"", ""off_line"", ""off_line"", ""off_line"", ""normal"", ""off_line"", ""off_line"", ""off_line"", ""off_line"", ""normal"", ""off_line"", ""off_line"", ""off_line"", ""off_line"", ""off_line"", ""normal"", ""active"", ""busy"", ""normal"", ""busy""]",2014-01-30 14:40:14+00:00,"[2812605217, 9835266980, 4222217468, 6646482222, 295441813, 8556837692, 8115144132, 5468759044, 2241497496, 7792902011, 6020164795, 5782980573, 5967866153, 5792566563, 3870800857, 1786467753, 7742534254, 5731691223, 9286278458]","[3, 5, 19, 8, 1, 12, 13, 0, 2, 18, 11, 16, 7, 4, 15, 6, 17, 14, 10]",[],[],"[0, 0, 0, 3, 0, 0, 0, 1, 2, 0, 1, 0, 1, 2, 1, 0, 0, 0, 1, 2, 7, 3, 2, 3]","[5468759044, 295441813, 2241497496, 2812605217, 5792566563, 9835266980, 1786467753, 5967866153, 6646482222, 9286278458, 6020164795, 8556837692, 8115144132, 5731691223, 3870800857, 5782980573, 7742534254, 7792902011, 4222217468]"
9286278458,Alex Carter,AlexCodeFlow,Passionate about building cutting-edge web solutions and exploring the latest tech innovations to push digital boundaries.,19,19,Innovative web developer and tech enthusiast dedicated to creating interactive digital experiences and staying at the forefront of technological advancements.,"[""off_line"", ""off_line"", ""busy"", ""off_line"", ""off_line"", ""off_line"", ""normal"", ""active"", ""active"", ""normal"", ""active"", ""off_line"", ""off_line"", ""off_line"", ""normal"", ""off_line"", ""off_line"", ""off_line"", ""normal"", ""off_line"", ""off_line"", ""normal"", ""off_line"", ""normal""]",2011-07-07 17:31:53+00:00,"[6020164795, 5731691223, 3870800857, 8115144132, 7742534254, 6646482222, 3041022514, 5967866153, 5792566563, 4222217468, 7792902011, 295441813, 1786467753, 5782980573, 5468759044, 9835266980, 8556837692, 2812605217, 2241497496]","[11, 14, 15, 13, 17, 8, 9, 7, 4, 19, 18, 1, 6, 16, 0, 5, 12, 3, 2]",[],[],"[1, 0, 3, 0, 1, 0, 2, 5, 10, 2, 7, 0, 0, 0, 2, 0, 0, 1, 2, 0, 0, 2, 0, 2]","[5468759044, 295441813, 2241497496, 2812605217, 5792566563, 9835266980, 1786467753, 5967866153, 6646482222, 3041022514, 6020164795, 8556837692, 8115144132, 5731691223, 3870800857, 5782980573, 7742534254, 7792902011, 4222217468]"
6020164795,Samuel Bennett,SamCodeBeat,"Developing innovative software by day and crafting electronic music by night, blending technology with artistic expression.",18,11,Innovative software engineer and music enthusiast merging code with creative sound design to build immersive audio-visual experiences.,"[""off_line"", ""off_line"", ""busy"", ""off_line"", ""off_line"", ""busy"", ""off_line"", ""normal"", ""normal"", ""off_line"", ""normal"", ""busy"", ""off_line"", ""off_line"", ""busy"", ""normal"", ""busy"", ""off_line"", ""off_line"", ""normal"", ""normal"", ""normal"", ""busy"", ""busy""]",2009-12-04 23:45:59+00:00,"[295441813, 4222217468, 5468759044, 7792902011, 3041022514, 5967866153, 5792566563, 9286278458, 7742534254, 5782980573, 5731691223]","[1, 19, 0, 18, 9, 7, 4, 10, 17, 16, 14]",[],[],"[0, 0, 3, 0, 0, 3, 0, 2, 2, 1, 2, 3, 1, 0, 3, 2, 3, 0, 0, 2, 2, 2, 3, 3]","[5468759044, 295441813, 2812605217, 5792566563, 9835266980, 1786467753, 5967866153, 6646482222, 3041022514, 9286278458, 8556837692, 8115144132, 5731691223, 3870800857, 5782980573, 7742534254, 7792902011, 4222217468]"
8556837692,Jordan Reyes,ReyesSynthCode,"Designing innovative software by day and creating electronic music by night, merging technology with artistic expression.",17,19,Innovative software engineer and music enthusiast bridging code with creative sound design to build immersive audio-visual experiences.,"[""off_line"", ""normal"", ""off_line"", ""off_line"", ""busy"", ""busy"", ""off_line"", ""off_line"", ""off_line"", ""off_line"", ""normal"", ""off_line"", ""off_line"", ""busy"", ""normal"", ""off_line"", ""off_line"", ""normal"", ""off_line"", ""busy"", ""active"", ""busy"", ""active"", ""busy""]",2007-10-04 01:29:03+00:00,"[295441813, 7792902011, 5967866153, 9286278458, 5731691223, 3870800857, 6646482222, 3041022514, 2241497496, 1786467753, 2812605217, 6020164795, 9835266980, 5468759044, 5782980573, 5792566563, 4222217468, 8115144132, 7742534254]","[1, 18, 7, 10, 14, 15, 8, 9, 2, 6, 3, 11, 5, 0, 16, 4, 19, 13, 17]",[],[],"[0, 2, 0, 0, 3, 3, 0, 0, 0, 1, 2, 1, 0, 3, 2, 0, 0, 2, 1, 3, 5, 3, 5, 3]","[5468759044, 295441813, 2812605217, 5792566563, 9835266980, 1786467753, 5967866153, 6646482222, 3041022514, 9286278458, 8115144132, 5731691223, 3870800857, 5782980573, 7742534254, 7792902011, 4222217468]"
8115144132,Maya Hart,MayaFitHaven,Helping clients achieve their fitness goals through transformative workouts and holistic wellness practices.,18,19,Dedicated fitness coach and wellness advocate empowering others with personalized training and mindful living strategies.,"[""busy"", ""off_line"", ""off_line"", ""off_line"", ""normal"", ""normal"", ""active"", ""normal"", ""active"", ""active"", ""active"", ""normal"", ""off_line"", ""busy"", ""off_line"", ""off_line"", ""off_line"", ""off_line"", ""normal"", ""busy"", ""normal"", ""off_line"", ""off_line"", ""off_line""]",2008-11-04 19:19:21+00:00,"[6020164795, 7742534254, 2812605217, 5782980573, 3870800857, 5731691223, 295441813, 6646482222, 4222217468, 8556837692, 5792566563, 1786467753, 2241497496, 3041022514, 5468759044, 7792902011, 9835266980, 5967866153, 9286278458]","[11, 17, 3, 16, 15, 14, 1, 8, 19, 12, 4, 6, 2, 9, 0, 18, 5, 7, 10]",[],[],"[3, 0, 0, 0, 2, 2, 7, 2, 10, 5, 7, 2, 0, 3, 0, 1, 0, 0, 2, 3, 2, 0, 0, 0]","[5468759044, 295441813, 2241497496, 2812605217, 5792566563, 9835266980, 1786467753, 5967866153, 6646482222, 3041022514, 9286278458, 8556837692, 5731691223, 3870800857, 5782980573, 7742534254, 7792902011, 4222217468]"
5731691223,Taylor Reynolds,TaylorSocialStrat,Helping brands elevate their digital presence through data-driven strategies and innovative social media campaigns.,19,19,Strategic social media consultant and digital growth expert specializing in actionable insights and campaign optimization.,"[""off_line"", ""busy"", ""normal"", ""off_line"", ""off_line"", ""off_line"", ""off_line"", ""off_line"", ""off_line"", ""off_line"", ""off_line"", ""active"", ""active"", ""active"", ""active"", ""active"", ""active"", ""active"", ""busy"", ""normal"", ""off_line"", ""off_line"", ""off_line"", ""normal""]",2007-08-14 14:49:08+00:00,"[1786467753, 6020164795, 3041022514, 8115144132, 2241497496, 5468759044, 6646482222, 295441813, 3870800857, 2812605217, 7742534254, 9286278458, 9835266980, 7792902011, 5967866153, 4222217468, 5792566563, 5782980573, 8556837692]","[6, 11, 9, 13, 2, 0, 8, 1, 15, 3, 17, 10, 5, 18, 7, 19, 4, 16, 12]",[],[],"[1, 3, 2, 0, 0, 0, 1, 1, 0, 0, 0, 18, 10, 5, 18, 5, 7, 18, 3, 2, 0, 1, 0, 2]","[5468759044, 295441813, 2241497496, 2812605217, 5792566563, 9835266980, 1786467753, 5967866153, 6646482222, 3041022514, 9286278458, 6020164795, 8556837692, 8115144132, 3870800857, 5782980573, 7742534254, 7792902011, 4222217468]"
3870800857,Jordan Reyes,reyessynthcode1,"Designing innovative software by day and creating electronic music by night, merging technology with artistic expression.",17,19,Innovative software engineer and music enthusiast bridging code with creative sound design to build immersive audio-visual experiences.,"[""off_line"", ""normal"", ""busy"", ""busy"", ""normal"", ""normal"", ""active"", ""busy"", ""active"", ""busy"", ""normal"", ""normal"", ""busy"", ""off_line"", ""normal"", ""off_line"", ""off_line"", ""off_line"", ""off_line"", ""busy"", ""off_line"", ""off_line"", ""off_line"", ""off_line""]",2008-02-17 18:13:46+00:00,"[5967866153, 2812605217, 8115144132, 5468759044, 1786467753, 9286278458, 6646482222, 2241497496, 5731691223, 6020164795, 5792566563, 3041022514, 7742534254, 5782980573, 8556837692, 9835266980, 7792902011, 295441813, 4222217468]","[7, 3, 13, 0, 6, 10, 8, 2, 14, 11, 4, 9, 17, 16, 12, 5, 18, 1, 19]",[],[],"[0, 2, 3, 3, 2, 2, 14, 3, 5, 3, 2, 2, 3, 1, 2, 0, 1, 0, 0, 3, 0, 1, 0, 0]","[5468759044, 295441813, 2812605217, 5792566563, 9835266980, 1786467753, 5967866153, 6646482222, 3041022514, 9286278458, 8556837692, 8115144132, 5731691223, 5782980573, 7742534254, 7792902011, 4222217468]"
5782980573,Ethan Cole,EthanColeFilms,Experienced film producer and educator mentoring aspiring filmmakers through hands-on projects and innovative storytelling techniques.,18,18,Dedicated film producer and passionate educator empowering emerging filmmakers with creative mentorship and industry expertise.,"[""normal"", ""off_line"", ""busy"", ""off_line"", ""off_line"", ""busy"", ""off_line"", ""off_line"", ""busy"", ""off_line"", ""off_line"", ""busy"", ""active"", ""active"", ""active"", ""active"", ""busy"", ""active"", ""busy"", ""busy"", ""off_line"", ""off_line"", ""off_line"", ""normal""]",2009-06-06 00:50:08+00:00,"[295441813, 7742534254, 4222217468, 7792902011, 2812605217, 2241497496, 6646482222, 3041022514, 5731691223, 9286278458, 9835266980, 5967866153, 3870800857, 8115144132, 5792566563, 8556837692, 5468759044, 6020164795]","[1, 17, 19, 18, 3, 2, 8, 9, 14, 10, 5, 7, 15, 13, 4, 12, 0, 11]",[],[],"[2, 1, 3, 0, 0, 3, 1, 1, 3, 1, 1, 3, 7, 5, 10, 7, 3, 18, 3, 3, 0, 1, 1, 2]","[5468759044, 295441813, 2812605217, 5792566563, 9835266980, 1786467753, 5967866153, 6646482222, 3041022514, 9286278458, 6020164795, 8556837692, 8115144132, 5731691223, 3870800857, 7742534254, 7792902011, 4222217468]"
7742534254,Nathan Hayes,NateCodeFlow,Building cutting-edge web solutions and exploring the latest tech innovations to push digital boundaries.,19,19,Innovative web developer and tech enthusiast dedicated to creating interactive digital experiences and staying at the forefront of technological advancements.,"[""off_line"", ""off_line"", ""normal"", ""busy"", ""off_line"", ""off_line"", ""active"", ""active"", ""active"", ""busy"", ""active"", ""off_line"", ""off_line"", ""normal"", ""off_line"", ""off_line"", ""normal"", ""off_line"", ""off_line"", ""busy"", ""off_line"", ""normal"", ""busy"", ""off_line""]",2011-06-25 13:18:30+00:00,"[9286278458, 5967866153, 6646482222, 295441813, 3041022514, 2241497496, 3870800857, 9835266980, 5468759044, 5792566563, 7792902011, 8556837692, 6020164795, 1786467753, 2812605217, 8115144132, 4222217468, 5731691223, 5782980573]","[10, 7, 8, 1, 9, 2, 15, 5, 0, 4, 18, 12, 11, 6, 3, 13, 19, 14, 16]",[],[],"[0, 1, 2, 3, 0, 1, 10, 7, 14, 3, 14, 0, 0, 2, 0, 0, 2, 0, 0, 3, 0, 2, 3, 0]","[5468759044, 295441813, 2241497496, 2812605217, 5792566563, 9835266980, 1786467753, 5967866153, 6646482222, 3041022514, 9286278458, 6020164795, 8556837692, 8115144132, 5731691223, 3870800857, 5782980573, 7792902011, 4222217468]"
7792902011,Lila Nguyen,WanderLustEats,"Exploring the world one delicious meal at a time – sharing hidden gems, travel stories, and culinary adventures from every corner of the globe.",19,19,Passionate travel blogger and foodie documenting global culinary journeys and cultural experiences through engaging storytelling and vibrant photography.,"[""busy"", ""normal"", ""busy"", ""off_line"", ""off_line"", ""normal"", ""active"", ""active"", ""normal"", ""active"", ""active"", ""normal"", ""off_line"", ""off_line"", ""off_line"", ""busy"", ""busy"", ""off_line"", ""busy"", ""normal"", ""busy"", ""off_line"", ""off_line"", ""off_line""]",2008-05-20 15:12:43+00:00,"[9286278458, 5468759044, 5792566563, 8556837692, 2812605217, 2241497496, 4222217468, 5967866153, 1786467753, 7742534254, 295441813, 8115144132, 3041022514, 5731691223, 3870800857, 6020164795, 9835266980, 5782980573, 6646482222]","[10, 0, 4, 12, 3, 2, 19, 7, 6, 17, 1, 13, 9, 14, 15, 11, 5, 16, 8]",[],[],"[3, 2, 3, 0, 0, 2, 7, 14, 2, 7, 7, 2, 0, 1, 0, 3, 3, 0, 3, 2, 3, 0, 0, 0]","[5468759044, 295441813, 2241497496, 2812605217, 5792566563, 9835266980, 1786467753, 5967866153, 6646482222, 3041022514, 9286278458, 6020164795, 8556837692, 8115144132, 5731691223, 3870800857, 5782980573, 7742534254, 4222217468]"
4222217468,Jordan Price,JPriceCode,Passionate about building innovative websites and exploring the latest tech trends to create seamless digital experiences.,19,19,Tech-savvy web developer and innovation enthusiast dedicated to crafting interactive digital solutions and staying ahead of emerging technologies.,"[""off_line"", ""normal"", ""normal"", ""busy"", ""busy"", ""off_line"", ""busy"", ""off_line"", ""off_line"", ""off_line"", ""off_line"", ""active"", ""active"", ""active"", ""busy"", ""active"", ""active"", ""normal"", ""off_line"", ""off_line"", ""off_line"", ""busy"", ""off_line"", ""off_line""]",2010-08-12 20:23:36+00:00,"[295441813, 8556837692, 2812605217, 5468759044, 6020164795, 6646482222, 7742534254, 3870800857, 5782980573, 1786467753, 5731691223, 5967866153, 3041022514, 2241497496, 9286278458, 7792902011, 5792566563, 8115144132, 9835266980]","[1, 12, 3, 0, 11, 8, 17, 15, 16, 6, 14, 7, 9, 2, 10, 18, 4, 13, 5]",[],[],"[0, 2, 2, 3, 3, 0, 3, 0, 0, 1, 0, 5, 18, 10, 3, 10, 5, 2, 1, 1, 0, 3, 0, 0]","[5468759044, 295441813, 2241497496, 2812605217, 5792566563, 9835266980, 1786467753, 5967866153, 6646482222, 3041022514, 9286278458, 6020164795, 8556837692, 8115144132, 5731691223, 3870800857, 5782980573, 7742534254, 7792902011]"
